{"acc":0.7802593794667445,"loss":0.22017961060953262,"_timestamp":1.7304550526892853e+09,"_runtime":1.05120256,"_wandb":{"runtime":1},"_step":7}