{"_wandb":{"runtime":0},"acc":0.8253027644509112,"loss":0.1981918989282095,"_timestamp":1.7304556938730788e+09,"_runtime":0.993022136,"_step":7}