{"_step":7,"acc":0.8455923619845466,"loss":0.1349425288523696,"_timestamp":1.7304559257508063e+09,"_runtime":0.972732127,"_wandb":{"runtime":0}}