{"_step":7,"_wandb":{"runtime":3},"acc":0.9285728976121856,"loss":0.05880065456526752,"_timestamp":1.7304555930162916e+09,"_runtime":3.715710892}